age,sex,bmi,children,smoker,region,expenses
50,male,26.4,0,no,northwest,8827.21
21,female,26.4,1,no,southwest,2597.78
25,male,26.2,0,no,northeast,2721.32
50,female,28.2,3,no,southeast,10702.64
51,male,39.7,1,no,southwest,9391.35
25,female,41.3,0,no,northeast,17878.9
27,female,31.4,0,yes,southwest,34838.87
63,female,27.0,0,yes,northwest,28950.47
18,female,33.9,0,no,southeast,11482.63
18,male,23.1,0,no,northeast,1704.7
58,female,33.0,0,no,northeast,12430.95
29,female,21.9,0,yes,northeast,16115.3
39,female,41.8,0,no,southeast,5662.23
55,male,35.2,1,no,northeast,11394.07
34,female,27.5,1,no,southwest,5003.85
20,male,22.0,1,no,southwest,1964.78
61,female,21.1,0,no,northwest,13415.04
20,male,27.9,0,no,northeast,1967.02
30,male,38.8,1,no,southeast,18963.17
49,male,36.9,0,no,southeast,8125.78
26,female,28.8,0,no,northeast,3385.4
27,female,34.8,1,no,southwest,3578.0
36,female,29.9,0,no,southeast,4889.04
20,female,24.4,0,yes,southeast,26125.67
19,male,19.8,0,no,southwest,1241.57
18,male,25.5,0,no,northeast,1708.0
54,female,35.8,3,no,northwest,12495.29
19,female,32.5,0,yes,northwest,36898.73
43,male,20.1,2,yes,southeast,18767.74
22,male,33.8,0,no,southeast,1674.63
22,female,36.0,0,no,southwest,2166.73
48,female,28.9,1,no,northwest,9249.5
42,male,35.8,2,no,southwest,7160.09
47,male,28.2,4,no,northeast,10407.09
63,female,35.2,1,no,southeast,14474.68
28,male,38.1,0,no,southeast,2689.5
64,male,39.2,1,no,southeast,14418.28
45,female,31.8,0,no,southeast,17929.3
58,male,28.6,0,no,northwest,11735.88
36,female,26.2,0,no,southwest,4883.87
36,female,29.9,1,no,southeast,5478.04
28,female,27.5,2,no,southwest,20177.67
30,male,31.4,1,no,southwest,3659.35
54,male,31.6,0,no,southwest,9850.43
52,female,24.1,1,yes,northwest,23887.66
38,male,20.0,1,no,northwest,5855.9
42,female,33.2,1,no,northeast,7639.42
40,male,29.4,1,no,northwest,6393.6
22,male,52.6,1,yes,southeast,44501.4
33,female,35.5,0,yes,northwest,55135.4
31,male,25.9,1,no,northwest,4239.89
18,female,31.4,0,no,southeast,1622.19
59,female,27.5,0,no,southwest,12233.83
19,male,44.9,0,yes,southeast,39722.75
55,female,26.8,1,no,southwest,35160.13
23,male,23.8,0,no,northeast,2395.17
19,female,32.9,0,no,southwest,1748.77
19,male,30.6,0,no,northwest,1639.56
19,male,30.3,0,yes,southeast,32548.34
18,male,26.2,2,no,southeast,2304.0
20,male,35.6,3,yes,northwest,37465.34
53,male,34.1,0,yes,northeast,43254.42
37,female,47.6,2,yes,southwest,46113.51
35,male,27.7,2,yes,northeast,20984.09
31,male,38.4,2,no,southeast,4463.21
25,female,30.2,0,yes,southwest,33900.65
54,female,31.9,1,no,southeast,10928.85
47,female,26.6,2,no,northeast,9715.84
58,female,33.4,0,no,northwest,12231.61
34,female,29.3,3,no,southeast,6184.3
45,female,40.0,3,no,northeast,9704.67
39,female,18.3,5,yes,southwest,19023.26
23,male,37.1,3,no,southwest,3597.6
46,male,24.8,3,no,northeast,9500.57
50,male,37.1,1,no,southeast,9048.03
24,female,27.6,0,no,southwest,18955.22
61,female,25.1,0,no,southeast,24513.09
57,female,30.5,0,no,northwest,11840.78
63,female,37.7,0,yes,southwest,48824.45
26,male,20.8,0,no,southwest,2302.3
34,male,25.3,1,no,northwest,4894.75
61,female,28.2,0,no,southwest,13041.92
18,male,21.8,2,no,southeast,11884.05
40,female,33.0,3,no,southeast,7682.67
19,male,33.1,0,no,southwest,23082.96
30,female,43.1,2,no,southeast,4753.64
22,male,39.5,0,no,southwest,1682.6
23,female,23.2,2,no,northwest,14426.07
58,female,27.2,0,no,northwest,12222.9
34,female,30.2,1,yes,northwest,43943.88
51,male,22.4,0,no,northeast,9361.33
46,male,33.4,1,no,northeast,8334.59
52,female,31.7,2,no,northwest,11187.66
56,male,25.9,0,no,northeast,11165.42
33,female,38.9,3,no,southwest,5972.38
52,male,36.7,0,no,southwest,9144.57
28,male,35.4,0,no,northeast,3268.85
27,female,23.2,1,no,southeast,3561.89
54,female,32.7,0,no,northeast,10923.93
33,male,24.8,0,yes,northeast,17904.53
53,male,26.4,2,no,northeast,11244.38
43,male,27.8,0,yes,southwest,37829.72
23,male,24.5,0,no,northeast,2396.1
59,male,24.7,0,no,northeast,12323.94
34,female,37.3,2,no,northwest,5989.52
56,female,39.8,0,no,southeast,11090.72
52,male,38.6,2,no,southwest,10325.21
23,female,42.8,1,yes,northeast,40904.2
21,female,17.4,1,no,southwest,2585.27
50,female,46.1,1,no,southeast,9549.57
56,male,33.7,4,no,southeast,12949.16
44,female,36.5,0,no,northeast,12797.21
63,male,33.1,0,no,southwest,13393.76
34,male,30.8,0,yes,southwest,35491.64
33,female,33.5,0,yes,southwest,37079.37
58,male,25.2,0,no,northeast,11931.13
33,female,28.3,1,no,southeast,4779.6
56,male,33.6,0,yes,northwest,43921.18
46,female,20.0,2,no,northwest,9193.84
32,male,33.8,1,no,northwest,4462.72
42,male,26.1,2,no,northeast,7729.65
53,female,28.1,3,no,southwest,11741.73
38,female,40.2,0,no,southeast,5400.98
30,female,22.9,1,no,northeast,4719.52
28,male,33.0,3,no,southeast,4449.46
30,female,21.9,1,no,northeast,4718.2
43,female,24.7,2,yes,northwest,21880.82
49,female,31.9,5,no,southwest,11552.9
42,female,25.0,2,no,northwest,8017.06
31,female,30.5,3,no,northeast,6113.23
23,male,32.6,0,no,southeast,1824.29
20,female,31.8,2,no,southeast,3056.39
29,female,27.9,1,yes,southeast,19107.78
64,female,39.7,0,no,southwest,14319.03
31,female,25.7,0,no,southeast,3756.62
24,male,29.8,0,yes,northeast,18648.42
37,male,34.2,1,yes,northeast,39047.29
22,male,37.1,2,yes,southeast,37484.45
44,male,21.9,3,no,northeast,8891.14
35,female,34.1,3,yes,northwest,39983.43
45,female,27.6,1,no,northwest,28340.19
27,female,30.6,1,no,northeast,16796.41
62,female,26.3,0,yes,southeast,27808.73
33,male,33.4,5,no,southeast,6653.79
61,female,31.2,0,no,northwest,13429.04
18,female,36.9,0,no,southeast,1629.83
26,male,33.9,1,no,northwest,3292.53
18,male,30.0,1,no,southeast,1720.35
40,female,28.7,3,no,northwest,8059.68
21,female,34.9,0,no,southeast,2020.55
59,male,27.5,1,no,southwest,12333.83
37,female,34.8,2,yes,southwest,39836.52
50,female,27.1,1,no,northeast,10106.13
20,female,22.4,0,yes,northwest,14711.74
30,female,30.9,3,no,southwest,5325.65
47,male,32.3,1,no,southwest,8062.76
48,male,29.7,0,no,southeast,7789.64
18,male,21.6,0,yes,northeast,13747.87
38,female,27.6,0,no,southwest,5383.54
26,female,22.6,0,no,northwest,3176.82
22,male,25.2,0,no,northwest,2045.69
18,male,16.0,0,no,northeast,1694.8
57,male,42.1,1,yes,southeast,48675.52
41,female,21.8,1,no,northeast,13725.47
59,male,37.4,0,no,southwest,21797.0
29,male,32.1,2,no,northwest,4433.92
28,male,33.8,0,no,northwest,19673.34
51,female,36.7,2,no,northwest,10848.13
20,male,33.3,0,no,southeast,1391.53
21,female,21.9,1,yes,northeast,15359.1
42,female,26.6,0,yes,northwest,21348.71
18,female,35.6,0,no,northeast,2211.13
40,male,25.1,0,no,southeast,5415.66
36,female,30.0,0,no,northwest,5272.18
19,female,28.6,5,no,southwest,4687.8
19,male,29.1,0,yes,northwest,17352.68
19,male,20.7,0,no,southwest,1242.82
18,female,38.3,0,no,southeast,14133.04
37,male,29.6,0,no,northwest,5028.15
54,female,21.5,3,no,northwest,12475.35
39,male,26.4,0,yes,northeast,20149.32
23,male,18.7,0,no,northwest,21595.38
29,female,25.6,4,no,southwest,5708.87
18,male,23.0,0,no,northeast,1704.57
54,male,21.0,2,no,southeast,11013.71
54,male,25.1,3,yes,southwest,25382.3
18,female,33.2,0,no,northeast,2207.7
19,female,29.8,0,no,southwest,1744.47
39,female,23.3,3,no,northeast,7986.48
50,female,33.7,4,no,southwest,11299.34
34,female,33.3,1,no,northeast,5594.85
37,female,38.4,0,yes,southeast,40419.02
47,male,28.2,3,yes,northwest,24915.22
31,male,39.5,1,no,southeast,3875.73
22,male,26.8,0,no,southeast,1665.0
31,male,27.6,2,no,northeast,5031.27
37,female,17.3,2,no,northeast,6877.98
63,male,30.8,0,no,southwest,13390.56
58,male,34.9,0,no,northeast,11944.59
18,female,28.2,0,no,northeast,2200.83
37,female,34.1,1,no,northwest,6112.35
50,female,30.1,1,no,northwest,9910.36
60,female,30.5,0,no,southwest,12638.2
39,male,45.4,2,no,southeast,6356.27
42,male,24.6,2,yes,northeast,21259.38
48,female,22.8,0,no,southwest,8269.04
63,male,21.7,1,no,northwest,14349.85
57,male,43.7,1,no,southwest,11576.13
35,female,34.2,1,no,southeast,5245.23
41,male,30.6,2,no,northwest,7256.72
18,female,25.1,0,no,northeast,2196.47
19,male,34.4,0,no,southwest,1261.86
54,male,40.6,3,yes,northeast,48549.18
18,male,23.2,0,no,southeast,1121.87
51,female,39.5,1,no,southwest,9880.07
30,male,27.6,1,no,northeast,4237.13
35,male,28.9,3,no,southwest,5926.85
41,female,31.0,0,no,southeast,6185.32
25,female,28.6,0,no,northeast,3213.62
64,male,23.8,0,yes,southeast,26926.51
30,female,20.0,3,no,northwest,5693.43
40,female,23.4,3,no,northeast,8252.28
18,female,27.3,3,yes,southeast,18223.45
58,male,36.1,0,no,southeast,11363.28
25,female,26.8,2,no,northwest,4189.11
19,female,18.6,0,no,southwest,1728.9
25,female,34.5,0,no,northwest,3021.81
18,male,23.8,0,no,northeast,1705.62
48,male,37.3,2,no,southeast,8978.19
30,male,31.6,3,no,southeast,4837.58
52,female,30.8,1,no,northeast,10797.34
31,male,31.1,3,no,northwest,5425.02
61,male,23.7,0,no,northeast,13129.6
31,female,25.8,2,no,southwest,4934.71
59,female,31.4,0,no,northwest,12622.18
41,female,36.1,1,no,southeast,6781.35
22,female,28.8,0,no,southeast,2156.75
29,female,25.9,0,no,southwest,3353.28
46,female,35.5,0,yes,northeast,42111.66
19,female,28.4,1,no,southwest,2331.52
34,female,31.9,1,yes,northeast,37701.88
28,male,24.0,3,yes,southeast,17663.14
32,male,28.9,1,yes,southeast,19719.69
45,male,24.3,5,no,southeast,9788.87
41,male,30.8,3,yes,northeast,39597.41
23,male,32.7,3,no,southwest,3591.48
61,female,29.9,3,yes,southeast,30942.19
28,male,23.8,2,no,southwest,3847.67
50,male,32.3,2,no,southwest,9630.4
34,female,23.6,0,no,northeast,4992.38
33,female,26.7,0,no,northwest,4571.41
28,male,37.1,1,no,southwest,3277.16
44,male,27.4,2,no,southwest,7726.85
21,male,23.8,2,no,northwest,3077.1
18,male,21.5,0,no,northeast,1702.46
26,female,29.9,1,no,southeast,3392.98
62,female,32.7,0,no,northwest,13844.8
32,female,41.1,0,no,southwest,3989.84
46,male,42.4,3,yes,southeast,46151.12
38,male,31.0,1,no,southwest,5488.26
61,female,33.3,4,no,southeast,36580.28
31,male,28.6,1,no,northwest,4243.59
54,male,33.6,1,no,northwest,10825.25
19,male,25.6,1,no,northwest,2221.56
24,female,26.6,0,no,northeast,3046.06
53,female,23.8,2,no,northeast,11729.68
19,male,20.6,2,no,northwest,2803.7
46,female,27.7,1,no,southeast,8232.64
51,male,30.0,1,no,southeast,9377.9
45,male,21.4,0,no,northwest,7222.79
36,male,41.9,3,yes,northeast,43753.34
61,female,44.0,0,no,southwest,13063.88
35,male,27.6,1,no,southeast,4747.05
18,male,23.3,1,no,southeast,1711.03
25,male,33.7,4,no,southeast,4504.66
52,male,30.2,1,no,southwest,9724.53
52,female,25.3,2,yes,southeast,24667.42
47,male,29.8,3,yes,southwest,25309.49
50,male,25.4,2,no,northwest,30284.64
52,female,37.4,0,no,southwest,9634.54
36,male,33.4,2,yes,southwest,38415.47
63,female,32.2,2,yes,southwest,47305.31
36,female,22.1,3,no,northeast,7228.22
20,female,31.5,0,no,southeast,1877.93
30,female,33.3,1,no,southeast,4151.03
56,female,26.6,1,no,northwest,12044.34
39,male,26.2,1,no,northwest,6123.57
51,male,23.2,1,yes,southeast,22218.11
63,male,28.3,0,no,northwest,13770.1
44,female,25.8,1,no,southwest,7624.63
49,female,34.8,1,no,northwest,9583.89
18,male,31.7,2,yes,southeast,34303.17
62,female,29.9,0,no,southeast,13457.96
23,male,41.9,0,no,southeast,1837.28
55,male,37.3,0,no,southwest,20630.28
22,female,30.4,0,yes,northwest,33907.55
59,male,25.5,0,no,northwest,12124.99
50,female,44.7,0,no,northeast,9541.7
40,female,36.2,0,no,southeast,5920.1
44,female,27.6,0,no,northwest,7421.19
29,male,29.6,1,no,northeast,20277.81
18,female,38.7,2,no,northeast,3393.36
22,female,24.3,0,no,southwest,2150.47
58,female,28.2,0,no,northwest,12224.35
47,male,25.4,1,yes,southeast,21978.68
42,male,24.6,0,yes,southeast,19515.54
48,female,27.9,4,no,northwest,11015.17
19,female,23.4,2,no,southwest,2913.57
21,female,21.9,2,no,southeast,3180.51
34,male,35.8,0,no,northwest,4320.41
56,female,32.3,3,no,northeast,13430.27
19,female,27.9,0,yes,southwest,16884.92
61,female,39.1,2,no,southwest,14235.07
36,male,33.8,1,no,northwest,5377.46
18,female,26.3,0,no,northeast,2198.19
18,female,40.3,0,no,southeast,1634.57
46,female,23.7,1,yes,northwest,21677.28
39,female,34.3,5,no,southeast,8596.83
25,male,26.8,3,no,southwest,3906.13
37,male,29.8,0,no,southwest,20420.6
21,female,35.7,0,no,northwest,2404.73
54,male,30.0,0,no,northwest,24476.48
43,female,35.6,1,no,southeast,7345.73
18,female,36.9,0,yes,southeast,36149.48
56,male,36.1,3,no,southwest,12363.55
44,female,20.2,1,yes,northeast,19594.81
44,male,34.3,1,no,southeast,7147.47
26,male,27.3,3,no,northeast,4661.29
60,male,24.3,0,no,northwest,12523.6
18,female,39.8,0,no,southeast,1633.96
18,male,33.8,1,no,southeast,1725.55
24,male,35.9,0,no,southeast,1986.93
20,female,21.8,0,yes,southwest,20167.34
43,male,38.1,2,yes,southeast,42560.43
26,male,29.2,1,no,southeast,2902.91
42,male,37.2,2,no,southeast,7162.01
59,male,29.8,3,yes,northeast,30184.94
55,male,30.7,0,yes,northeast,42303.69
52,male,32.2,3,no,northeast,11488.32
39,female,24.2,5,no,northwest,8965.8
50,male,31.8,0,yes,northeast,41097.16
27,female,30.4,3,no,northwest,18804.75
61,female,35.9,0,no,northeast,13635.64
46,female,28.9,2,no,southwest,8823.28
57,female,31.8,0,no,northwest,11842.62
24,female,30.2,3,no,northwest,4618.08
53,female,35.9,2,no,southwest,11163.57
34,male,34.7,0,no,northeast,4518.83
52,female,23.2,0,no,northeast,10197.77
31,female,29.1,0,no,southwest,3761.29
52,male,26.4,3,no,southeast,25992.82
60,female,38.1,0,no,southeast,12648.7
62,male,21.4,0,no,southwest,12957.12
55,female,27.0,0,no,northwest,11082.58
25,male,25.7,0,no,southeast,2137.65
25,male,25.8,1,no,northeast,3309.79
30,female,23.7,3,yes,northwest,18765.88
22,male,31.7,0,no,northeast,2254.8
59,female,34.8,2,no,southwest,36910.61
22,female,20.2,0,no,northwest,2527.82
53,female,39.6,1,no,southeast,10579.71
45,male,39.8,0,no,northeast,7448.4
46,male,30.5,3,yes,northwest,40720.55
49,female,27.2,0,no,southeast,8601.33
23,male,26.5,0,no,southeast,1815.88
61,male,36.3,1,yes,southwest,47403.88
24,female,34.0,0,no,southeast,2473.33
23,female,28.0,0,no,southwest,13126.68
54,male,24.0,0,no,northeast,10422.92
58,female,33.1,0,no,southwest,11848.14
63,female,23.1,0,no,northeast,14451.84
29,male,31.7,2,no,northwest,4433.39
27,male,42.1,0,yes,southeast,39611.76
29,male,34.4,0,yes,southwest,36197.7
22,male,37.6,1,yes,southeast,37165.16
42,male,24.9,0,no,southeast,5966.89
34,male,32.8,1,no,southwest,14358.36
62,male,32.1,0,no,northeast,13555.0
18,female,39.2,0,no,southeast,1633.04
50,male,27.5,1,no,northeast,9617.66
33,female,18.5,1,no,southwest,4766.02
31,male,25.9,3,yes,southwest,19199.94
60,female,28.7,1,no,southwest,13224.69
58,male,23.3,0,no,southwest,11345.52
43,female,26.7,2,yes,southwest,22478.6
25,male,25.0,2,no,northeast,23241.47
56,female,25.7,0,no,northwest,11454.02
57,female,22.2,0,no,northeast,12029.29
34,male,34.2,0,no,southeast,3935.18
22,male,34.8,3,no,southwest,3443.06
50,male,34.2,2,yes,southwest,42856.84
51,female,34.1,0,no,southeast,9283.56
35,male,38.6,1,no,southwest,4762.33
52,male,32.8,3,no,northwest,11289.11
38,female,37.7,0,no,southeast,5397.62
45,female,30.9,2,no,southwest,8520.03
49,female,41.5,4,no,southeast,10977.21
29,female,24.6,2,no,southwest,4529.48
51,female,37.7,1,no,southeast,9877.61
48,male,29.6,0,no,southwest,21232.18
19,male,35.4,0,no,southwest,1263.25
26,female,17.2,2,yes,northeast,14455.64
49,male,22.5,0,no,northeast,8688.86
37,male,24.3,2,no,northwest,6198.75
50,female,27.6,1,yes,southwest,24520.26
60,female,27.6,0,no,northeast,13217.09
62,female,25.0,0,no,southwest,13451.12
35,female,34.8,1,no,southwest,5246.05
36,male,28.6,3,no,northwest,6548.2
39,female,34.1,3,no,southwest,7418.52
21,male,31.1,0,no,southwest,1526.31
23,male,31.7,3,yes,northeast,36189.1
29,male,33.3,2,no,northwest,19442.35
54,female,47.4,0,yes,southeast,63770.43
19,female,22.5,0,no,northwest,2117.34
38,female,28.0,3,no,southwest,7151.09
56,male,40.3,0,no,southwest,10602.39
46,male,26.6,1,no,southeast,7742.11
53,female,33.3,0,no,northeast,10564.88
26,male,31.1,0,no,northwest,2699.57
18,male,34.1,0,no,southeast,1137.01
59,male,41.1,1,yes,southeast,48970.25
58,male,49.1,0,no,southeast,11381.33
56,male,22.1,0,no,southwest,10577.09
33,female,24.3,0,no,southeast,4185.1
35,male,30.5,1,no,southwest,4751.07
28,female,37.6,1,no,southeast,3766.88
53,male,28.6,3,no,southwest,11253.42
20,female,26.8,1,yes,southeast,17085.27
29,male,38.9,1,no,southeast,3471.41
20,male,30.1,5,no,northeast,4915.06
43,male,23.2,0,no,southwest,6250.44
41,female,33.2,3,no,northeast,8538.29
18,female,30.1,0,no,northeast,21344.85
57,female,34.3,2,no,northeast,13224.06
49,female,22.6,1,no,northwest,9566.99
50,male,44.8,1,no,southeast,9058.73
44,male,30.7,2,no,southeast,7731.43
56,female,33.8,2,no,northwest,12643.38
27,female,18.0,2,yes,northeast,15006.58
64,female,39.1,3,no,southeast,16085.13
31,male,28.5,5,no,northeast,6799.46
57,male,40.3,0,no,northeast,20709.02
57,male,18.3,0,no,northeast,11534.87
33,male,35.8,2,no,southeast,4890.0
50,male,32.1,2,no,northeast,25333.33
45,male,27.5,3,no,southwest,8615.3
31,male,36.3,2,yes,southwest,38711.0
28,female,26.3,3,no,northwest,5312.17
30,male,44.2,2,no,southeast,4266.17
60,male,39.9,0,yes,southwest,48173.36
38,female,28.9,1,no,southeast,5974.38
18,male,25.2,0,yes,northeast,15518.18
48,female,35.9,1,no,northeast,26392.26
48,female,27.3,1,no,northeast,9447.25
64,male,38.2,0,no,northeast,14410.93
45,male,23.6,2,no,northeast,8603.82
27,female,20.0,3,yes,northwest,16420.49
46,female,32.3,2,no,northeast,9411.01
48,male,28.0,1,yes,southwest,23568.27
28,male,29.3,2,no,northeast,4438.26
18,female,20.8,0,no,southeast,1607.51
63,female,21.7,0,no,northeast,14449.85
64,female,33.0,0,no,northwest,14692.67
61,male,35.9,0,yes,southeast,46599.11
40,female,29.6,0,no,southwest,5910.94
60,male,31.4,3,yes,northwest,46130.53
52,female,31.2,0,no,southwest,9625.92
20,male,31.1,2,no,southeast,2566.47
58,female,41.9,0,no,southeast,24227.34
33,male,35.2,0,no,northeast,12404.88
18,female,31.1,0,no,southeast,1621.88
53,female,26.7,2,no,southwest,11150.78
42,male,36.0,2,no,southeast,7160.33
60,female,25.8,0,no,northwest,28923.14
55,male,32.7,1,no,southeast,10807.49
22,male,35.6,0,yes,southwest,35585.58
19,female,27.9,3,no,northwest,18838.7
47,male,36.2,1,no,southwest,8068.19
32,male,31.5,1,no,southwest,4076.5
44,female,27.5,1,no,southwest,7626.99
43,female,35.7,2,no,northeast,19144.58
43,male,30.1,1,no,southwest,6849.03
45,female,35.8,0,no,northwest,7731.86
62,female,38.1,2,no,northeast,15230.32
37,female,27.7,3,no,northwest,7281.51
45,male,30.5,2,no,northwest,8413.46
45,female,28.6,2,no,southeast,8516.83
19,male,27.7,0,yes,southwest,16297.85
48,male,31.4,1,no,northeast,8964.06
30,female,28.4,1,no,northwest,4527.18
31,female,21.8,0,no,northwest,4134.08
35,female,35.9,2,no,southeast,5836.52
46,male,25.8,5,no,southwest,10096.97
19,female,28.9,0,yes,northwest,17748.51
56,male,32.1,1,no,northeast,11763.0
54,male,30.8,1,yes,southeast,41999.52
20,female,29.0,0,no,northwest,2257.48
47,female,24.1,1,no,southwest,26236.58
64,female,30.1,3,no,northwest,16455.71
35,male,36.7,1,yes,northeast,39774.28
50,male,36.2,0,no,southwest,8457.82
24,male,31.1,0,yes,northeast,34254.05
51,female,34.2,1,no,southwest,9872.7
20,male,27.3,0,yes,southwest,16232.85
26,male,46.5,1,no,southeast,2927.06
54,male,39.6,1,no,southwest,10450.55
40,male,26.3,1,no,northwest,6389.38
47,female,33.9,3,no,northwest,10115.01
32,female,28.9,0,no,southeast,3972.92
32,male,28.9,0,no,northwest,3866.86
24,female,29.9,0,no,northwest,2850.68
60,female,32.5,0,yes,southeast,45008.96
37,male,36.2,0,no,southeast,19214.71
52,female,44.7,3,no,southwest,11411.69
60,male,32.8,0,yes,southwest,52590.83
36,male,27.6,3,no,northeast,6746.74
38,female,34.8,2,no,southwest,6571.54
19,male,21.8,0,no,northwest,1627.28
63,female,26.2,0,no,northwest,14256.19
47,female,36.0,1,no,southwest,8556.91
18,female,29.2,0,no,northeast,7323.73
28,male,27.0,2,no,northeast,4435.09
36,female,19.9,0,no,northeast,5458.05
57,female,25.7,2,no,southeast,12629.17
51,male,24.8,2,yes,northwest,23967.38
54,male,25.5,1,no,northeast,25517.11
47,male,19.2,1,no,northeast,8627.54
63,male,39.8,3,no,southwest,15170.07
23,female,32.8,2,yes,southeast,36021.01
22,male,31.4,1,no,northwest,2643.27
46,male,43.9,3,no,southeast,8944.12
18,female,38.2,0,no,southeast,1631.67
63,male,31.4,0,no,northeast,13974.46
51,male,25.4,0,no,southwest,8782.47
30,female,27.7,0,no,southwest,3554.2
53,male,30.5,0,no,northeast,10072.06
45,female,27.8,2,no,southeast,8515.76
51,female,36.4,3,no,northwest,11436.74
56,male,33.7,0,no,northwest,10976.25
23,female,35.0,3,no,northwest,4466.62
36,male,31.5,0,no,southwest,4402.23
40,female,32.8,2,yes,northwest,40003.33
57,male,29.0,0,yes,northeast,27218.44
58,female,25.2,0,no,southwest,11837.16
27,female,32.4,1,no,northeast,18903.49
56,female,28.8,0,no,northeast,11658.38
42,female,23.4,0,yes,northeast,19964.75
43,female,34.4,3,no,southwest,8522.0
21,male,36.9,0,no,northwest,1917.32
43,male,26.0,0,no,northeast,6837.37
24,female,24.2,0,no,northwest,2842.76
54,female,27.6,1,no,northwest,11305.93
27,male,32.6,3,no,northeast,4846.92
53,male,36.6,3,no,southwest,11264.54
26,male,32.9,2,yes,southwest,36085.22
20,female,29.6,0,no,southwest,1875.34
58,female,29.0,0,no,southwest,11842.44
43,male,36.0,3,yes,southeast,42124.52
64,female,31.8,2,no,northeast,16069.08
42,male,31.3,0,no,northwest,6358.78
43,male,32.6,2,no,southwest,7441.5
41,male,21.8,1,no,southeast,6272.48
20,male,30.7,0,yes,northeast,33475.82
48,male,30.8,3,no,northeast,10141.14
28,male,24.3,5,no,southwest,5615.37
52,female,24.9,0,no,southeast,27117.99
23,male,17.4,1,no,northwest,2775.19
51,female,33.9,0,no,northeast,9866.3
47,female,24.3,0,no,northeast,8534.67
33,male,27.1,1,yes,southwest,19040.88
44,female,25.0,1,no,southwest,7623.52
34,male,22.4,2,no,northeast,27375.9
26,female,19.8,1,no,southwest,3378.91
47,female,29.5,1,no,northwest,8930.93
46,male,38.2,2,no,southeast,8347.16
46,male,40.4,2,no,northwest,8733.23
47,female,23.6,1,no,southwest,8539.67
30,male,35.5,0,yes,southeast,36950.26
62,male,39.9,0,no,southeast,12982.87
19,female,31.8,1,no,northwest,2719.28
19,male,34.1,0,no,southwest,1261.44
35,female,35.8,1,no,northwest,5630.46
48,female,32.3,2,no,northeast,10043.25
51,male,36.0,1,no,southeast,9386.16
45,female,33.1,0,no,southwest,7345.08
39,female,26.3,2,no,northwest,7201.7
40,female,29.8,1,no,southeast,6500.24
31,female,26.6,0,no,southeast,3757.84
41,male,37.1,2,no,northwest,7265.7
41,female,28.1,1,no,southeast,6770.19
31,male,30.9,0,no,northeast,3857.76
36,male,34.4,2,no,southeast,5584.31
47,female,26.1,1,yes,northeast,23401.31
24,male,40.2,0,yes,southeast,38126.25
59,female,32.1,3,no,southwest,14007.22
44,female,24.0,2,no,southeast,8211.1
20,female,33.0,0,no,southeast,1880.07
43,female,29.9,1,no,southwest,7337.75
38,female,30.2,3,no,northwest,7537.16
40,female,27.4,1,no,southwest,6496.89
18,female,21.7,0,yes,northeast,14283.46
62,male,26.7,0,yes,northeast,28101.33
55,female,40.8,3,no,southeast,12485.8
37,male,37.1,1,yes,southeast,39871.7
55,male,38.3,0,no,southeast,10226.28
32,female,31.5,1,no,northeast,5148.55
32,female,17.8,2,yes,northwest,32734.19
64,female,26.9,0,yes,northwest,29330.98
33,female,36.3,3,no,northeast,6551.75
48,female,36.6,0,no,northwest,8671.19
57,male,28.1,0,no,southwest,10965.45
49,female,21.3,1,no,southwest,9182.17
54,male,30.2,0,no,northwest,10231.5
62,male,31.5,1,no,southeast,27000.98
34,female,26.4,1,no,northwest,5385.34
39,female,32.5,1,no,southwest,6238.3
27,female,36.1,0,yes,southeast,37133.9
63,male,36.8,0,no,northeast,13981.85
42,male,34.1,0,no,southwest,5979.73
59,female,35.2,0,no,southeast,12244.53
32,male,33.6,1,yes,northeast,37607.53
35,female,31.0,1,no,southwest,5240.77
44,female,38.1,0,yes,southeast,48885.14
34,male,42.9,1,no,southwest,4536.26
45,male,22.9,0,yes,northeast,35069.37
19,female,17.8,0,no,southwest,1727.79
39,female,31.9,2,no,northwest,7209.49
32,female,20.5,0,no,northeast,4544.23
39,male,28.3,1,yes,southwest,21082.16
62,male,38.8,0,no,southeast,12981.35
27,male,33.7,0,no,southeast,2498.41
37,male,30.8,0,no,southwest,4646.76
47,female,27.6,2,yes,northwest,24535.7
27,male,23.1,0,no,southeast,2483.74
62,female,39.2,0,no,southwest,13470.86
32,male,28.1,4,yes,northwest,21472.48
32,male,37.2,2,no,southeast,4673.39
55,male,33.9,3,no,southeast,11987.17
55,male,21.5,1,no,southwest,10791.96
18,male,33.3,0,no,southeast,1135.94
21,male,31.0,0,no,southeast,16586.5
34,female,38.0,3,no,southwest,6196.45
64,female,33.8,1,yes,southwest,47928.03
27,male,28.5,0,yes,northwest,18310.74
27,female,24.1,0,no,southwest,2974.13
25,female,20.8,1,no,southwest,3208.79
35,male,34.8,2,no,northwest,5729.01
34,female,26.7,1,no,southeast,5002.78
61,male,36.1,3,no,southwest,27941.29
62,male,27.6,1,no,northwest,13937.67
18,female,42.2,0,yes,southeast,38792.69
24,male,28.5,2,no,northwest,3537.7
19,female,33.1,0,yes,southeast,34439.86
62,female,33.0,3,no,northwest,15612.19
20,male,28.0,1,yes,northwest,17560.38
19,female,21.7,0,yes,southwest,13844.51
37,female,30.8,0,yes,northeast,37270.15
39,female,22.8,3,no,northeast,7985.82
30,male,37.4,3,no,northeast,5428.73
49,female,30.8,1,no,northeast,9778.35
48,female,33.1,0,yes,southeast,40974.16
39,female,23.9,5,no,southeast,8582.3
18,female,31.9,0,no,northeast,2205.98
19,female,30.5,0,no,northwest,2128.43
29,male,29.0,1,no,northeast,4040.56
24,male,28.5,0,yes,northeast,35147.53
18,male,41.1,0,no,southeast,1146.8
32,male,46.5,2,no,southeast,4686.39
52,female,33.3,2,no,southwest,10806.84
42,female,36.2,1,no,northwest,7443.64
48,female,31.1,0,no,southeast,8280.62
27,female,24.8,0,yes,southeast,16577.78
47,female,29.4,1,no,southeast,8547.69
40,female,29.3,4,no,southwest,15828.82
18,male,26.1,0,no,northeast,1708.93
19,male,17.5,0,no,northwest,1621.34
19,female,34.7,2,yes,southwest,36397.58
50,male,32.3,1,yes,northeast,41919.1
21,female,34.6,0,no,southwest,2020.18
37,female,30.8,2,no,southeast,6313.76
53,male,31.4,0,no,southeast,27346.04
51,male,31.6,0,no,northwest,9174.14
35,male,27.1,1,no,southwest,4746.34
35,male,17.9,1,no,northwest,5116.5
49,male,30.3,0,no,southwest,8116.68
36,female,22.6,2,yes,southwest,18608.26
56,female,28.3,0,no,northeast,11657.72
53,female,36.9,3,yes,northwest,46661.44
40,female,41.4,1,no,northwest,28476.73
21,female,22.1,0,no,northeast,2585.85
42,female,37.9,0,no,southwest,6474.01
35,female,38.1,2,no,northeast,24915.05
25,male,30.6,0,no,northeast,2727.4
29,female,21.8,1,yes,northeast,16657.72
44,male,25.4,1,no,northwest,7518.03
39,female,24.9,3,yes,northeast,21659.93
42,male,26.1,1,yes,southeast,38245.59
52,female,46.8,5,no,southeast,12592.53
56,female,41.9,0,no,southeast,11093.62
35,male,24.1,1,no,northwest,5125.22
61,female,29.1,0,yes,northwest,29141.36
46,female,34.6,1,yes,southwest,41661.6
34,male,21.4,0,no,northeast,4500.34
34,male,27.8,1,yes,northwest,20009.63
36,male,30.9,1,no,northwest,5373.36
29,male,29.7,2,no,northwest,18157.88
60,male,24.3,1,no,northwest,13112.6
19,female,30.6,2,no,northwest,24059.68
32,female,23.7,1,no,southeast,17626.24
29,male,22.9,0,yes,northeast,16138.76
38,female,40.6,1,no,northwest,6373.56
31,female,32.7,1,no,northwest,4738.27
24,female,33.3,0,no,northwest,2855.44
50,female,28.1,3,no,northwest,11085.59
44,male,31.4,1,yes,northeast,39556.49
54,female,31.9,3,no,southeast,27322.73
37,female,29.5,2,no,southwest,6311.95
32,female,29.6,1,no,southeast,4562.84
24,female,30.1,3,no,southwest,4234.93
59,male,28.8,0,no,northwest,12129.61
31,female,29.3,1,no,southeast,4350.51
22,male,20.0,3,no,northeast,4005.42
49,male,25.6,2,yes,southwest,23306.55
21,male,27.4,0,no,northeast,2104.11
31,male,29.8,0,yes,southeast,19350.37
23,female,36.7,2,yes,northeast,38511.63
56,male,39.6,0,no,southwest,10601.41
19,male,20.3,0,no,southwest,1242.26
30,female,28.4,1,yes,southeast,19521.97
29,female,38.8,3,no,southeast,5138.26
59,male,26.4,0,no,southeast,11743.3
57,male,40.4,0,no,southeast,10982.5
29,male,27.2,0,no,southwest,2866.09
27,male,33.2,2,no,northwest,4058.71
56,male,34.4,0,no,southeast,10594.23
24,female,22.6,0,no,southwest,2457.5
22,female,21.3,3,no,northwest,4296.27
43,male,25.5,5,no,southeast,14478.33
41,female,33.0,0,no,northwest,6571.02
41,male,23.9,1,no,northeast,6858.48
40,male,41.7,0,no,southeast,5438.75
20,female,37.0,5,no,southwest,4830.63
47,male,25.5,2,no,northeast,9225.26
21,male,23.2,0,no,southeast,1515.34
57,male,23.7,0,no,southwest,10959.33
45,male,24.0,2,no,northeast,8604.48
41,female,31.6,0,no,southwest,6186.13
28,female,33.4,0,no,southwest,3172.02
56,male,26.7,1,yes,northwest,26109.33
41,male,28.8,1,no,southwest,6282.24
21,male,26.0,0,no,northeast,2102.26
29,male,35.5,2,yes,southwest,44585.46
19,female,37.4,0,no,northwest,2138.07
57,female,31.2,0,yes,northwest,43578.94
21,female,25.8,0,no,southwest,2007.95
49,male,28.7,1,no,southwest,8703.46
37,female,25.6,1,yes,northeast,20296.86
61,male,28.3,1,yes,northwest,28868.66
38,male,37.1,1,no,northeast,6079.67
29,male,22.5,3,no,northeast,5209.58
24,male,25.8,0,no,southwest,1972.95
26,female,22.2,0,no,northwest,3176.29
37,male,28.0,2,no,northwest,6203.9
28,female,23.8,2,no,northwest,4719.74
47,male,19.6,1,no,northwest,8428.07
18,male,28.3,1,no,northeast,11272.33
19,female,40.5,0,no,southwest,1759.34
48,female,28.9,0,no,southwest,8277.52
63,male,35.1,0,yes,southeast,47055.53
43,female,34.6,1,no,northwest,7727.25
32,male,30.8,3,no,southwest,5253.52
49,male,29.8,1,no,northeast,9288.03
62,male,37.4,0,no,southwest,12979.36
58,male,37.0,2,yes,northwest,47496.49
18,male,53.1,0,no,southeast,1163.46
27,male,30.3,3,no,southwest,4260.74
21,male,31.3,0,no,northwest,1909.53
61,male,33.9,0,no,northeast,13143.86
49,male,25.8,2,yes,northwest,23807.24
25,male,35.6,0,no,northwest,2534.39
25,male,29.7,3,yes,southwest,19933.46
57,female,29.8,0,yes,southeast,27533.91
28,female,25.9,1,no,northwest,4133.64
25,male,23.9,5,no,southwest,5080.1
44,male,22.1,2,no,northeast,8302.54
26,male,35.4,0,no,southeast,2322.62
25,male,26.7,4,no,northwest,4877.98
30,male,24.1,1,no,northwest,4032.24
26,female,42.4,1,no,southwest,3410.32
18,male,30.4,3,no,northeast,3481.87
27,male,31.1,1,yes,southeast,34806.47
24,female,23.2,0,no,southeast,25081.77
55,male,37.7,3,no,northwest,30063.58
30,female,32.4,1,no,southwest,4149.74
22,female,34.6,2,no,northeast,3925.76
25,female,24.3,3,no,southwest,4391.65
64,male,33.9,0,yes,southeast,46889.26
64,female,39.3,0,no,northeast,14901.52
39,male,29.6,4,no,southwest,7512.27
34,male,42.1,2,no,southeast,5124.19
21,female,32.7,2,no,northwest,26018.95
18,male,31.7,0,yes,northeast,33732.69
53,female,32.3,2,no,northeast,29186.48
33,female,42.9,3,no,northwest,6360.99
41,male,32.2,2,no,southwest,6875.96
22,male,28.3,1,no,northwest,2639.04
49,male,30.9,0,yes,southwest,39727.61
37,male,30.9,3,no,northwest,6796.86
18,male,39.1,0,no,northeast,12890.06
52,female,38.4,2,no,northeast,11396.9
54,male,32.8,0,no,northeast,10435.07
44,female,26.4,0,no,northwest,7419.48
23,female,31.4,0,yes,southwest,34166.27
33,male,29.4,4,no,southwest,6059.17
30,male,37.8,2,yes,southwest,39241.44
36,male,28.9,3,no,northeast,6748.59
31,female,31.1,0,no,northeast,4347.02
59,male,31.8,2,no,southeast,12928.79
53,male,36.1,1,no,southwest,10085.85
60,female,36.0,0,no,northeast,13228.85
63,male,41.5,0,no,southeast,13405.39
60,male,40.9,0,yes,southeast,48673.56
19,male,27.3,2,no,northwest,22493.66
38,male,27.8,2,no,northwest,6455.86
45,male,36.5,2,yes,northwest,42760.5
51,female,38.1,0,yes,southeast,44400.41
50,male,25.3,0,no,southeast,8442.67
27,male,32.7,0,no,southeast,2497.04
37,male,22.7,3,no,northeast,6985.51
40,male,19.8,1,yes,southeast,17179.52
47,female,36.6,1,yes,southeast,42969.85
59,female,26.5,0,no,northeast,12815.44
40,male,29.9,2,no,southwest,6600.36
36,female,25.9,1,no,southwest,5472.45
28,female,33.1,0,no,southeast,3171.61
53,male,31.2,1,no,northwest,10461.98
27,female,25.2,0,no,northeast,3558.62
29,male,37.3,2,no,southeast,4058.12
41,female,28.3,1,no,northwest,7153.55
52,male,34.1,0,no,southeast,9140.95
32,female,37.1,3,no,northeast,6334.34
57,male,33.6,1,no,northwest,11945.13
55,male,32.8,0,no,northwest,10601.63
51,female,21.6,1,no,southeast,9855.13
61,male,38.4,0,no,northwest,12950.07
49,male,25.8,1,no,northeast,9282.48
54,female,30.8,3,no,southwest,12105.32
20,male,33.0,1,no,southwest,1980.07
48,male,40.6,2,yes,northwest,45702.02
46,male,25.7,3,no,northwest,9301.89
26,female,29.5,1,no,southeast,3392.37
59,male,29.7,2,no,southeast,12925.89
38,female,20.0,2,no,northeast,7133.9
25,female,34.0,1,no,southeast,3227.12
43,female,30.7,2,no,northwest,8310.84
21,male,35.5,0,no,southeast,1532.47
19,male,37.0,0,yes,northwest,36219.41
50,male,31.0,3,no,northwest,10600.55
19,male,28.4,1,no,southwest,1842.52
18,female,24.1,1,no,southeast,2201.1
18,female,32.1,2,no,southeast,2801.26
42,male,30.0,0,yes,southwest,22144.03
43,female,20.0,2,yes,northeast,19798.05
26,female,40.2,0,no,northwest,3201.25
22,female,27.1,0,no,southwest,2154.36
62,female,39.2,0,no,southeast,13470.8
27,female,31.3,1,no,northwest,3956.07
21,male,20.2,3,no,northeast,3861.21
40,male,35.3,3,no,southwest,7196.87
38,male,38.4,3,yes,southeast,41949.24
21,male,29.0,0,no,northwest,1906.36
18,male,28.5,0,no,northeast,1712.23
31,female,32.8,2,no,northwest,5327.4
46,female,33.7,1,no,northeast,8823.99
49,male,35.9,0,no,southeast,8124.41
45,female,35.3,0,no,southwest,7348.14
44,male,39.5,0,no,northwest,6948.7
18,female,30.3,0,no,northeast,2203.74
36,female,26.9,0,no,northwest,5267.82
43,female,25.1,0,no,northeast,7325.05
59,female,27.7,3,no,southeast,14001.13
39,female,32.8,0,no,southwest,5649.72
52,male,47.7,1,no,southeast,9748.91
19,male,24.6,1,no,southwest,1837.24
51,female,37.1,3,yes,northeast,46255.11
37,male,34.1,4,yes,southwest,40182.25
44,female,37.0,1,no,northwest,8023.14
39,male,42.7,0,no,northeast,5757.41
45,male,28.7,2,no,southwest,8027.97
22,female,23.2,0,no,northeast,2731.91
52,male,36.8,2,no,northwest,26467.1
58,male,35.7,0,no,southwest,11362.76
18,female,31.4,4,no,northeast,4561.19
63,female,36.3,0,no,southeast,13887.2
55,female,30.1,2,no,southeast,11881.97
40,male,22.7,2,no,northeast,7173.36
29,female,20.2,2,no,northwest,4906.41
33,male,42.5,1,no,southeast,11326.71
18,female,40.3,0,no,northeast,2217.6
20,male,39.4,2,yes,southwest,38344.57
40,male,41.2,1,no,northeast,6610.11
50,male,32.2,0,no,northwest,8835.26
19,male,30.4,0,no,southwest,1256.3
39,male,21.9,1,no,northwest,6117.49
32,male,37.3,1,no,northeast,4667.61
55,female,35.2,0,yes,southeast,44423.8
26,male,32.5,1,no,northeast,3490.55
54,female,32.3,1,no,northeast,11512.41
58,female,22.8,0,no,southeast,11833.78
24,male,32.7,0,yes,southwest,34472.84
25,female,42.1,1,no,southeast,3238.44
59,male,25.5,1,no,northeast,12913.99
27,male,30.5,0,no,southwest,2494.02
64,male,25.6,2,no,southwest,14988.43
62,male,32.0,0,yes,northeast,45710.21
54,male,34.2,2,yes,southeast,44260.75
44,female,32.3,1,no,southeast,7633.72
28,female,24.3,1,no,northeast,23288.93
33,male,24.6,2,no,northwest,5257.51
47,male,29.8,3,no,northwest,9620.33
39,male,29.9,1,yes,northeast,22462.04
45,male,30.4,0,yes,southeast,62592.87
22,male,32.1,0,no,northwest,2055.32
24,female,27.7,0,no,southeast,2464.62
24,female,25.3,0,no,northeast,3044.21
28,male,30.9,0,no,northwest,3062.51
38,male,34.7,2,no,southwest,6082.41
30,male,28.7,3,yes,northwest,20745.99
19,female,39.6,1,no,northwest,2730.11
23,male,50.4,1,no,southeast,2438.06
60,male,28.9,0,no,southwest,12146.97
26,female,29.4,2,no,northeast,4564.19
51,female,35.0,2,yes,northeast,44641.2
40,female,22.2,2,yes,southeast,19444.27
57,male,27.9,1,no,southeast,11554.22
